{"mean":{"confidence_interval":{"confidence_level":0.95,"lower_bound":3110770.835453125,"upper_bound":3122072.1953125},"point_estimate":3116229.551875,"standard_error":2880.073693067868},"median":{"confidence_interval":{"confidence_level":0.95,"lower_bound":3106890.25,"upper_bound":3114890.6875},"point_estimate":3110897.84375,"standard_error":2335.4424499956544},"median_abs_dev":{"confidence_interval":{"confidence_level":0.95,"lower_bound":18042.45404843241,"upper_bound":35789.45372086018},"point_estimate":25459.253079257905,"standard_error":4554.893251057165},"slope":null,"std_dev":{"confidence_interval":{"confidence_level":0.95,"lower_bound":22526.01326384817,"upper_bound":35294.77924155208},"point_estimate":28831.120988048362,"standard_error":3303.8799588284714}}