{"mean":{"confidence_interval":{"confidence_level":0.95,"lower_bound":2635528.1959868437,"upper_bound":2642180.1012763167},"point_estimate":2638588.9047368425,"standard_error":1703.4769506500181},"median":{"confidence_interval":{"confidence_level":0.95,"lower_bound":2631189.3684210526,"upper_bound":2634635.4736842103},"point_estimate":2633048.052631579,"standard_error":903.8988430167094},"median_abs_dev":{"confidence_interval":{"confidence_level":0.95,"lower_bound":3253.6046580263896,"upper_bound":6797.447768794899},"point_estimate":5152.9712874639135,"standard_error":1019.0849803066039},"slope":null,"std_dev":{"confidence_interval":{"confidence_level":0.95,"lower_bound":10354.676875325067,"upper_bound":22672.587827163385},"point_estimate":17118.61972279188,"standard_error":3138.556835787897}}