{"mean":{"confidence_interval":{"confidence_level":0.95,"lower_bound":10491119.376799995,"upper_bound":10560367.462499995},"point_estimate":10525166.875999996,"standard_error":17620.904660031392},"median":{"confidence_interval":{"confidence_level":0.95,"lower_bound":10495072.6,"upper_bound":10550983.9},"point_estimate":10513411.8,"standard_error":14252.12766687907},"median_abs_dev":{"confidence_interval":{"confidence_level":0.95,"lower_bound":135767.1652096499,"upper_bound":288031.8318989119},"point_estimate":201739.6023184061,"standard_error":38190.379128598324},"slope":null,"std_dev":{"confidence_interval":{"confidence_level":0.95,"lower_bound":153768.68642435322,"upper_bound":198514.60165231104},"point_estimate":177134.9261386553,"standard_error":11408.929936018963}}