{"mean":{"confidence_interval":{"confidence_level":0.95,"lower_bound":10481766.062900001,"upper_bound":10502296.421299998},"point_estimate":10491240.124000007,"standard_error":5248.867358014438},"median":{"confidence_interval":{"confidence_level":0.95,"lower_bound":10471471.8,"upper_bound":10477771.2},"point_estimate":10473296.0,"standard_error":1849.5740067970776},"median_abs_dev":{"confidence_interval":{"confidence_level":0.95,"lower_bound":8617.16756701359,"upper_bound":16831.74252417655},"point_estimate":12870.153851508818,"standard_error":2060.1938359579754},"slope":null,"std_dev":{"confidence_interval":{"confidence_level":0.95,"lower_bound":32982.72680022553,"upper_bound":68977.97607559427},"point_estimate":52754.46106637677,"standard_error":9163.472890344741}}