{"mean":{"confidence_interval":{"confidence_level":0.95,"lower_bound":42196592.481,"upper_bound":42350337.8215},"point_estimate":42268179.015,"standard_error":39269.92845908032},"median":{"confidence_interval":{"confidence_level":0.95,"lower_bound":42106063.5,"upper_bound":42142153.75},"point_estimate":42123168.5,"standard_error":9632.069992123243},"median_abs_dev":{"confidence_interval":{"confidence_level":0.95,"lower_bound":42888.9856235683,"upper_bound":88502.6934787631},"point_estimate":64779.611299932,"standard_error":12378.853935852536},"slope":null,"std_dev":{"confidence_interval":{"confidence_level":0.95,"lower_bound":256807.28372634825,"upper_bound":505543.2545325077},"point_estimate":393809.41318140825,"standard_error":63480.71045956082}}