{"mean":{"confidence_interval":{"confidence_level":0.95,"lower_bound":2451777.7125714296,"upper_bound":2460172.9085119045},"point_estimate":2455567.2057142863,"standard_error":2151.48772382092},"median":{"confidence_interval":{"confidence_level":0.95,"lower_bound":2447394.238095238,"upper_bound":2450134.6904761903},"point_estimate":2449039.9285714286,"standard_error":661.2269953435981},"median_abs_dev":{"confidence_interval":{"confidence_level":0.95,"lower_bound":2902.5345059700644,"upper_bound":6782.718379582497},"point_estimate":4881.142713342345,"standard_error":892.1272849088308},"slope":null,"std_dev":{"confidence_interval":{"confidence_level":0.95,"lower_bound":11302.313645000659,"upper_bound":30099.06860662066},"point_estimate":21618.139039793,"standard_error":4785.162515914054}}