{"mean":{"confidence_interval":{"confidence_level":0.95,"lower_bound":12122866.519049995,"upper_bound":12175539.552800007},"point_estimate":12147359.861999998,"standard_error":13523.144926621439},"median":{"confidence_interval":{"confidence_level":0.95,"lower_bound":12087921.4,"upper_bound":12104046.5},"point_estimate":12093463.7,"standard_error":3943.7589068454795},"median_abs_dev":{"confidence_interval":{"confidence_level":0.95,"lower_bound":24240.509569643546,"upper_bound":46494.33517456193},"point_estimate":31683.30969750688,"standard_error":5523.276256849628},"slope":null,"std_dev":{"confidence_interval":{"confidence_level":0.95,"lower_bound":89805.90970692871,"upper_bound":178524.96390546017},"point_estimate":135743.5284873742,"standard_error":22849.90878412801}}