{"mean":{"confidence_interval":{"confidence_level":0.95,"lower_bound":27.031510818243994,"upper_bound":27.115207736877352},"point_estimate":27.068565014444612,"standard_error":0.02146051031021241},"median":{"confidence_interval":{"confidence_level":0.95,"lower_bound":26.99118354749944,"upper_bound":27.015619615346267},"point_estimate":27.001757368298485,"standard_error":0.0062941849106532095},"median_abs_dev":{"confidence_interval":{"confidence_level":0.95,"lower_bound":0.041174421489766626,"upper_bound":0.07753304071018922},"point_estimate":0.05935801354748606,"standard_error":0.009041543146951476},"slope":{"confidence_interval":{"confidence_level":0.95,"lower_bound":27.01121334264042,"upper_bound":27.085501914770663},"point_estimate":27.0442761314504,"standard_error":0.019108042249161204},"std_dev":{"confidence_interval":{"confidence_level":0.95,"lower_bound":0.11387716803864174,"upper_bound":0.317604064557446},"point_estimate":0.2163500362608323,"standard_error":0.05739451475402537}}