{"mean":{"confidence_interval":{"confidence_level":0.95,"lower_bound":2610238.873500001,"upper_bound":2616946.7806625003},"point_estimate":2613349.6705000005,"standard_error":1717.9398813978753},"median":{"confidence_interval":{"confidence_level":0.95,"lower_bound":2606249.75,"upper_bound":2608645.7249999996},"point_estimate":2606771.475,"standard_error":750.6216022372695},"median_abs_dev":{"confidence_interval":{"confidence_level":0.95,"lower_bound":2992.109136879306,"upper_bound":5963.461874126767},"point_estimate":4398.132821917534,"standard_error":801.4326917090839},"slope":null,"std_dev":{"confidence_interval":{"confidence_level":0.95,"lower_bound":11108.656125911913,"upper_bound":22819.293279910264},"point_estimate":17336.337201237304,"standard_error":2994.2338298666723}}