{"mean":{"confidence_interval":{"confidence_level":0.95,"lower_bound":39082568.920375,"upper_bound":39165142.1865},"point_estimate":39119671.42,"standard_error":21155.360279688794},"median":{"confidence_interval":{"confidence_level":0.95,"lower_bound":39039131.25,"upper_bound":39082101.0},"point_estimate":39049674.25,"standard_error":12065.40957432835},"median_abs_dev":{"confidence_interval":{"confidence_level":0.95,"lower_bound":51102.941595241435,"upper_bound":89881.51145428419},"point_estimate":62355.18969297409,"standard_error":9996.118650951703},"slope":null,"std_dev":{"confidence_interval":{"confidence_level":0.95,"lower_bound":119212.16434890301,"upper_bound":298642.3114091103},"point_estimate":211328.9498188882,"standard_error":47359.48137799146}}