{"mean":{"confidence_interval":{"confidence_level":0.95,"lower_bound":40990523.132625006,"upper_bound":41195240.591625},"point_estimate":41088408.325,"standard_error":52433.37474679881},"median":{"confidence_interval":{"confidence_level":0.95,"lower_bound":40808466.5,"upper_bound":40888184.0},"point_estimate":40835412.75,"standard_error":21008.28874330172},"median_abs_dev":{"confidence_interval":{"confidence_level":0.95,"lower_bound":102590.35842865705,"upper_bound":216387.31940835714},"point_estimate":144431.55358582735,"standard_error":31963.22300365039},"slope":null,"std_dev":{"confidence_interval":{"confidence_level":0.95,"lower_bound":402557.91910422785,"upper_bound":638447.7473144409},"point_estimate":525409.3957540859,"standard_error":60209.77627359143}}